"","cluster","Disease.listname","median.pct.exp","median.avg.exp","median.avg.exp.scaled","mean.pct.exp","mean.avg.exp","mean.avg.exp.scaled","n.pct.exp.over","fr.pct.exp.over","n.genes","Disease.name","Disease.group","subclass"
"1","GE RG NKX2-1 DLK1","ASD HC65",5.84125209614309,0.236154906776861,0.336883868761284,11.1421650829141,0.530980367512937,0.375953690922004,24,0.4,60,"ASD HC65","GWAS","Patterning centers"
"2","GE RG NKX2-1 DLK1","DD",9.47456679709335,0.371459675705215,0.633255914375701,14.3243099363837,0.761843188252119,0.472282510512853,40,0.476190476190476,84,"DD","GWAS","Patterning centers"
"3","GE RG NKX2-1 DLK1","DISGENET::Giant Cell Glioblastoma",5.31022917831191,0.201952518617511,-0.0970918640489026,7.90217233167683,0.36933272203884,0.139575708193188,20,0.273972602739726,73,"Giant Cell Glioblastoma","DISGENET","Patterning centers"
"4","GE RG NKX2-1 DLK1","DISGENET::Glioblastoma",2.4035774175517,0.101420719036265,-0.14364414276776,7.27264909489616,0.341496320804166,0.0837944824019248,17,0.261538461538462,65,"Glioblastoma","DISGENET","Patterning centers"
"5","GE RG NKX2-1 DLK1","DISGENET::Glioblastoma Multiforme",3.63331470095025,0.145864099646728,0.0712109590174037,7.56225040770343,0.360021940331127,0.248891294662088,23,0.237113402061856,97,"Glioblastoma Multiforme","DISGENET","Patterning centers"
"6","GE RG NKX2-1 DLK1","DISGENET::Glioma",5.75740637227501,0.224490006428595,0.340851235960414,13.2938326811999,1.40801271663149,0.421697253075407,27,0.36,75,"Glioma","DISGENET","Patterning centers"
"7","GE RG NKX2-1 DLK1","DISGENET::M.Oligoastr+Oligodendrogliomas",3.74510899944103,0.15371257585932,0.153754690396402,9.41596494707802,0.475092923440568,0.372033004794124,10,0.32258064516129,31,"M.Oligoastr+Oligodendrogliomas","DISGENET","Patterning centers"
"8","GE RG NKX2-1 DLK1","DISGENET::Malignant Glioma",3.74510899944103,0.15371257585932,0.471955451560886,14.4290437797842,1.67989106861844,0.483074793832469,23,0.389830508474576,59,"Malignant Glioma","DISGENET","Patterning centers"
"9","GE RG NKX2-1 DLK1","DISGENET::Medulloblastomas",5.86920067076579,0.224490006428595,0.304981192751112,8.70380721694304,0.398420126008746,0.356295474582894,15,0.333333333333333,45,"Medulloblastomas","DISGENET","Patterning centers"
"10","GE RG NKX2-1 DLK1","DISGENET::Neuroblastoma",3.4097261039687,0.14014725805478,0.111706339668281,13.2488947609127,1.59929289254445,0.394523332176454,16,0.363636363636364,44,"Neuroblastoma","DISGENET","Patterning centers"
"11","GE RG NKX2-1 DLK1","GWAS::AD 2019",1.62101732811627,0.0633510924953321,-0.0744839620357709,5.79798356209759,0.289302402776194,0.0786474114762667,24,0.177777777777778,135,"AD 2019","GWAS","Patterning centers"
"12","GE RG NKX2-1 DLK1","GWAS::ADHD 2019",5.08664058133035,0.205395812702958,0.29305431532299,7.47550822276485,0.317530424138052,0.412208194807823,4,0.210526315789474,19,"ADHD 2019","GWAS","Patterning centers"
"13","GE RG NKX2-1 DLK1","GWAS::AN 2019",4.97484628283958,0.197913476639759,0.0934405756450001,9.88598183643172,0.493930547670972,0.202299897671971,26,0.279569892473118,93,"AN 2019","GWAS","Patterning centers"
"14","GE RG NKX2-1 DLK1","GWAS::ASD 2019",6.14868641699274,0.24152303088415,0.559807122274268,16.442146450531,2.60128756245263,0.518499891721735,8,0.4,20,"ASD 2019","GWAS","Patterning centers"
"15","GE RG NKX2-1 DLK1","GWAS::BD 2019",3.43767467859139,0.137503563665033,-0.0554743117560337,9.01962611017949,0.473047574820893,0.0763734705082694,43,0.238888888888889,180,"BD 2019","GWAS","Patterning centers"
"16","GE RG NKX2-1 DLK1","GWAS::IQ 2018",3.74510899944103,0.150393639769383,0.116631483247274,9.27416785438026,0.632123212905092,0.196700053182622,183,0.264069264069264,693,"IQ 2018","GWAS","Patterning centers"
"17","GE RG NKX2-1 DLK1","GWAS::MDD 2018",1.53717160424819,0.0613147211585487,-0.186482020600808,6.03801006148687,0.281160402647868,0.0902295271947952,9,0.18,50,"MDD 2018","GWAS","Patterning centers"
"18","GE RG NKX2-1 DLK1","GWAS::NEUROT 2018",2.99049748462829,0.118554671198085,0.127905910403462,8.16507970162487,0.397273303343299,0.24353753410101,56,0.241379310344828,232,"NEUROT 2018","GWAS","Patterning centers"
"19","GE RG NKX2-1 DLK1","GWAS::PD 2014",2.17998882057015,0.0829251322421492,-0.19178109029624,8.4446100656274,0.546779546377597,0.00465597378601826,8,0.296296296296296,27,"PD 2014","GWAS","Patterning centers"
"20","GE RG NKX2-1 DLK1","GWAS::SCZ 2020",2.65511458915595,0.0982817398194498,0.114088551538077,7.3909720400178,0.342983506573121,0.238455528106976,25,0.255102040816327,98,"SCZ 2020","GWAS","Patterning centers"
"21","GE RG NKX2-1 DLK1","MAGMA::AD 2019",1.73281162660704,0.0710166179009005,-0.117022508582842,6.41903864210115,0.298615978694022,0.0894750555867071,29,0.189542483660131,153,"AD 2019","MAGMA","Patterning centers"
"22","GE RG NKX2-1 DLK1","MAGMA::ADHD 2019",2.62716601453326,0.0962933939010169,0.323048778524475,8.8489757462621,0.749761676312911,0.316926312604187,34,0.213836477987421,159,"ADHD 2019","MAGMA","Patterning centers"
"23","GE RG NKX2-1 DLK1","MAGMA::AN 2019",4.55561766349916,0.179997485329504,0.330422140182109,9.11830665310768,0.444435548685222,0.307218817117408,48,0.289156626506024,166,"AN 2019","MAGMA","Patterning centers"
"24","GE RG NKX2-1 DLK1","MAGMA::ASD 2019",2.23588596981554,0.0845893118804775,0.0456398330607877,6.82265650311707,0.342578333368744,0.17598672503201,31,0.197452229299363,157,"ASD 2019","MAGMA","Patterning centers"
"25","GE RG NKX2-1 DLK1","MAGMA::BD 2019",4.02459474566797,0.15810441502158,0.280411649639004,9.01332630761946,0.463109283535728,0.324095791260426,39,0.248407643312102,157,"BD 2019","MAGMA","Patterning centers"
"26","GE RG NKX2-1 DLK1","MAGMA::IQ 2018",3.8848518725545,0.150134579681318,0.183636426338881,9.65858774910345,0.671099293905963,0.283073718143717,53,0.297752808988764,178,"IQ 2018","MAGMA","Patterning centers"
"27","GE RG NKX2-1 DLK1","MAGMA::MDD 2018",3.01844605925098,0.119951540056092,0.304229225923935,9.42181617611674,0.896455595068557,0.374678156048222,37,0.245033112582781,151,"MDD 2018","MAGMA","Patterning centers"
"28","GE RG NKX2-1 DLK1","MAGMA::NEUROT 2018",3.04639463387368,0.123830271295018,0.265507305312133,7.82088667694815,0.361072547249955,0.352950343317598,39,0.234939759036145,166,"NEUROT 2018","MAGMA","Patterning centers"
"29","GE RG NKX2-1 DLK1","MAGMA::OCD 2018",2.73896031302404,0.103402217986521,0.020195301666279,8.77336020194181,0.473161849656987,0.199993007031418,38,0.24203821656051,157,"OCD 2018","MAGMA","Patterning centers"
"30","GE RG NKX2-1 DLK1","MAGMA::PD 2014",3.57741755170486,0.136842507406282,0.312495534343156,8.467528028682,0.432781449425301,0.298558525941671,44,0.280254777070064,157,"PD 2014","MAGMA","Patterning centers"
"31","GE RG NKX2-1 DLK1","MAGMA::SCZ 2020",2.73896031302403,0.110983058784795,0.0259466738826605,11.0311471337184,0.604991917914967,0.158261174359864,47,0.326388888888889,144,"SCZ 2020","MAGMA","Patterning centers"
"32","GE RG NKX2-1 DLK1","MAGMA::TS 2019",5.70150922302963,0.227419717164637,0.358549344506806,10.3919479980735,0.532583238425819,0.353133105869425,50,0.314465408805031,159,"TS 2019","MAGMA","Patterning centers"
"33","GE RG NKX2-1 DLK1","SFARI Score2",2.68306316377865,0.104324564921225,0.187863864686531,7.6664411167662,0.382654597111845,0.236790685883377,42,0.221052631578947,190,"SFARI Score2","GWAS","Patterning centers"
"34","GE RG NKX2-1 DLK1","SFARI Score3",2.01229737283399,0.0785987823077357,0.119247227958557,5.85074161217778,0.29205083694507,0.268752342026089,75,0.174418604651163,430,"SFARI Score3","GWAS","Patterning centers"
"35","GE RG NKX2-1 DLK1","SFARI Syndromic",5.72945779765232,0.227274938081631,0.440261687495466,9.58684296756038,0.47699865920038,0.409443149815364,38,0.327586206896552,116,"SFARI Syndromic","GWAS","Patterning centers"
"36","GE RG NKX2-1 OLIG1","ASD HC65",6.21790168745414,0.26181696380348,0.646274694127867,10.5948887258498,0.537740752932855,0.477282549836998,23,0.383333333333333,60,"ASD HC65","GWAS","Patterning centers"
"37","GE RG NKX2-1 OLIG1","DD",9.26265590608951,0.404988116229581,0.587033519998418,14.29357509695,0.821020375666739,0.467628009731399,39,0.464285714285714,84,"DD","GWAS","Patterning centers"
"38","GE RG NKX2-1 OLIG1","DISGENET::Giant Cell Glioblastoma",4.29200293470286,0.191231876771444,0.248242663897213,7.71967557462889,0.380380152858197,0.263407049695103,24,0.328767123287671,73,"Giant Cell Glioblastoma","DISGENET","Patterning centers"
"39","GE RG NKX2-1 OLIG1","DISGENET::Glioblastoma",2.78796771826853,0.116522567242328,0.239446449985934,7.21598284327558,0.358634849545558,0.238812150730375,20,0.307692307692308,65,"Glioblastoma","DISGENET","Patterning centers"
"40","GE RG NKX2-1 OLIG1","DISGENET::Glioblastoma Multiforme",3.7050623624358,0.152544317052431,0.261025094320221,7.35264085439184,0.368580139779423,0.244299906628045,26,0.268041237113402,97,"Glioblastoma Multiforme","DISGENET","Patterning centers"
"41","GE RG NKX2-1 OLIG1","DISGENET::Glioma",5.53925165077036,0.238869580506389,0.369694175660585,12.569332355099,1.29908882785263,0.343080801542875,26,0.346666666666667,75,"Glioma","DISGENET","Patterning centers"
"42","GE RG NKX2-1 OLIG1","DISGENET::M.Oligoastr+Oligodendrogliomas",5.46588407923698,0.224833861068048,0.415159507060074,9.13899604761792,0.475410862787706,0.429051196985396,10,0.32258064516129,31,"M.Oligoastr+Oligodendrogliomas","DISGENET","Patterning centers"
"43","GE RG NKX2-1 OLIG1","DISGENET::Malignant Glioma",4.07190022010271,0.16189191055179,0.278936312203473,13.5319646343435,1.53679554384778,0.249414413726789,22,0.372881355932203,59,"Malignant Glioma","DISGENET","Patterning centers"
"44","GE RG NKX2-1 OLIG1","DISGENET::Medulloblastomas",4.91562729273661,0.21060799935087,0.377030585879319,8.2823836308796,0.401871819239086,0.31686652056272,13,0.288888888888889,45,"Medulloblastomas","DISGENET","Patterning centers"
"45","GE RG NKX2-1 OLIG1","DISGENET::Neuroblastoma",3.57666911225239,0.13968526643527,0.267996927854814,13.4912959381045,1.74453259257304,0.316533220941953,16,0.363636363636364,44,"Neuroblastoma","DISGENET","Patterning centers"
"46","GE RG NKX2-1 OLIG1","GWAS::AD 2019",1.28393250183419,0.0526111859932598,-0.0683309663569363,5.41153772995299,0.286863489582451,0.00365708572584301,19,0.140740740740741,135,"AD 2019","GWAS","Patterning centers"
"47","GE RG NKX2-1 OLIG1","GWAS::ADHD 2019",4.32868672046955,0.191478794393853,0.0262648584810996,6.68224118623778,0.302120552467784,0.14438048264501,4,0.210526315789474,19,"ADHD 2019","GWAS","Patterning centers"
"48","GE RG NKX2-1 OLIG1","GWAS::AN 2019",4.40205429200293,0.17666014310862,-0.184757216274059,9.17212978960074,0.476721100232911,-4.80705734200488e-05,25,0.268817204301075,93,"AN 2019","GWAS","Patterning centers"
"49","GE RG NKX2-1 OLIG1","GWAS::ASD 2019",5.5575935436537,0.240067537890849,0.532584100552211,15.537417461482,3.00075127155557,0.461705688557026,8,0.4,20,"ASD 2019","GWAS","Patterning centers"
"50","GE RG NKX2-1 OLIG1","GWAS::BD 2019",3.46661775495232,0.145566133127183,0.0790571778185055,8.53081438004402,0.467575904143762,0.190885806909696,40,0.222222222222222,180,"BD 2019","GWAS","Patterning centers"
"51","GE RG NKX2-1 OLIG1","GWAS::IQ 2018",3.52164343360235,0.148092965987143,0.167472876408116,8.97805219155182,0.656231106226185,0.231706804939115,172,0.248196248196248,693,"IQ 2018","GWAS","Patterning centers"
"52","GE RG NKX2-1 OLIG1","GWAS::MDD 2018",1.72413793103448,0.0647751640448911,0.0875806730267375,5.92883345561262,0.302950132467375,0.261204340569059,8,0.16,50,"MDD 2018","GWAS","Patterning centers"
"53","GE RG NKX2-1 OLIG1","GWAS::NEUROT 2018",2.91636096845194,0.12162127040995,0.19932708168214,7.81886432059099,0.401763476070872,0.261533622295165,52,0.224137931034483,232,"NEUROT 2018","GWAS","Patterning centers"
"54","GE RG NKX2-1 OLIG1","GWAS::PD 2014",1.94424064563463,0.0820060894340574,-0.371874417683355,7.81228770957311,0.528024474443887,-0.0273761977147702,8,0.296296296296296,27,"PD 2014","GWAS","Patterning centers"
"55","GE RG NKX2-1 OLIG1","GWAS::SCZ 2020",2.27439471753485,0.0951732027046858,0.194400327711294,7.04178956982646,0.345943936002433,0.234080469363572,23,0.23469387755102,98,"SCZ 2020","GWAS","Patterning centers"
"56","GE RG NKX2-1 OLIG1","MAGMA::AD 2019",1.72413793103448,0.0700495838975289,-0.0723327892164911,5.97490157716302,0.295304174898612,-0.0148011132628748,26,0.169934640522876,153,"AD 2019","MAGMA","Patterning centers"
"57","GE RG NKX2-1 OLIG1","MAGMA::ADHD 2019",2.23771093176816,0.0907905470941925,0.0519141534207476,8.48502886252578,0.751067711725953,0.126670176015341,32,0.20125786163522,159,"ADHD 2019","MAGMA","Patterning centers"
"58","GE RG NKX2-1 OLIG1","MAGMA::AN 2019",4.27366104181952,0.169537646020025,0.220775055360817,8.67240053390377,0.445597231205462,0.221994522340271,47,0.283132530120482,166,"AN 2019","MAGMA","Patterning centers"
"59","GE RG NKX2-1 OLIG1","MAGMA::ASD 2019",1.98092443140132,0.0752880595718538,-0.053514744983316,6.43531737316055,0.336979823156514,0.163857298851275,32,0.203821656050955,157,"ASD 2019","MAGMA","Patterning centers"
"60","GE RG NKX2-1 OLIG1","MAGMA::BD 2019",3.63169479090242,0.146331235108255,0.282501419106977,8.44661691379544,0.4572292120068,0.263980341547048,37,0.235668789808917,157,"BD 2019","MAGMA","Patterning centers"
"61","GE RG NKX2-1 OLIG1","MAGMA::IQ 2018",3.88848129126926,0.157324291784689,0.432826547791276,9.24719925478332,0.719691868614692,0.313158439696987,53,0.297752808988764,178,"IQ 2018","MAGMA","Patterning centers"
"62","GE RG NKX2-1 OLIG1","MAGMA::MDD 2018",2.8980190755686,0.117132916155492,0.341356245070495,9.07304203330207,0.936547295826486,0.272483288113174,36,0.23841059602649,151,"MDD 2018","MAGMA","Patterning centers"
"63","GE RG NKX2-1 OLIG1","MAGMA::NEUROT 2018",2.97138664710198,0.124577462753006,0.216865057529779,7.41631235138647,0.361321861560021,0.279876308345762,37,0.22289156626506,166,"NEUROT 2018","MAGMA","Patterning centers"
"64","GE RG NKX2-1 OLIG1","MAGMA::OCD 2018",2.38444607483492,0.0957319023459579,0.0718592047323052,8.33936941273231,0.470432952229811,0.138073031629033,39,0.248407643312102,157,"OCD 2018","MAGMA","Patterning centers"
"65","GE RG NKX2-1 OLIG1","MAGMA::PD 2014",3.33822450476889,0.140028820737364,0.228788765310339,7.83140412447253,0.420364535685096,0.268570807016995,43,0.273885350318471,157,"PD 2014","MAGMA","Patterning centers"
"66","GE RG NKX2-1 OLIG1","MAGMA::SCZ 2020",2.80630961115188,0.117522261919023,0.0913882410042828,10.7035134914812,0.61846663607578,0.184118119210907,42,0.291666666666667,144,"SCZ 2020","MAGMA","Patterning centers"
"67","GE RG NKX2-1 OLIG1","MAGMA::TS 2019",5.06236243580337,0.209143119134012,0.262168122305196,10.1676379794848,0.552808307183693,0.270976902795126,47,0.29559748427673,159,"TS 2019","MAGMA","Patterning centers"
"68","GE RG NKX2-1 OLIG1","SFARI Score2",2.65957446808511,0.106663074155029,0.0202010451034932,7.20179943622814,0.377238641505598,0.168385376723119,39,0.205263157894737,190,"SFARI Score2","GWAS","Patterning centers"
"69","GE RG NKX2-1 OLIG1","SFARI Score3",1.79750550256787,0.0774607507535379,0.121561855874114,5.7543210087188,0.30897617027957,0.206325271038611,74,0.172093023255814,430,"SFARI Score3","GWAS","Patterning centers"
"70","GE RG NKX2-1 OLIG1","SFARI Syndromic",5.22743947175348,0.223423376673155,0.424636725192059,9.52070736458623,0.520391652706679,0.378068818823244,33,0.28448275862069,116,"SFARI Syndromic","GWAS","Patterning centers"
"71","PC FGF17","ASD HC65",7.19390185802764,0.233858172390392,0.0663936197718379,12.5424805462919,0.504055839008106,0.142054253968088,25,0.416666666666667,60,"ASD HC65","GWAS","Patterning centers"
"72","PC FGF17","DD",9.59980943306337,0.305051792243846,-0.121478948268035,15.6213843326754,0.649632942660502,0.0705578103461169,41,0.488095238095238,84,"DD","GWAS","Patterning centers"
"73","PC FGF17","DISGENET::Giant Cell Glioblastoma",3.76369699857075,0.115169699828961,-0.273803609892561,8.96774067233582,0.350041072141225,-0.105446209573162,25,0.342465753424658,73,"Giant Cell Glioblastoma","DISGENET","Patterning centers"
"74","PC FGF17","DISGENET::Glioblastoma",3.71605526441162,0.114082170336772,-0.273803609892561,8.816652618463,0.347845905946028,-0.104495575904887,21,0.323076923076923,65,"Glioblastoma","DISGENET","Patterning centers"
"75","PC FGF17","DISGENET::Glioblastoma Multiforme",3.71605526441162,0.114082170336772,-0.270775750766352,8.89034051561126,0.359766030379196,-0.0967286010009698,31,0.319587628865979,97,"Glioblastoma Multiforme","DISGENET","Patterning centers"
"76","PC FGF17","DISGENET::Glioma",6.14578370652692,0.186192621773471,-0.111793330630545,13.3587422582182,1.23355647416512,-0.0554583097397928,26,0.346666666666667,75,"Glioma","DISGENET","Patterning centers"
"77","PC FGF17","DISGENET::M.Oligoastr+Oligodendrogliomas",3.76369699857075,0.115169699828961,0.028597849099915,10.424318800043,0.469180832540107,0.148471453497708,11,0.354838709677419,31,"M.Oligoastr+Oligodendrogliomas","DISGENET","Patterning centers"
"78","PC FGF17","DISGENET::Malignant Glioma",4.81181515007146,0.162216465696477,-0.168551738606745,14.3030175789924,1.47170423358491,-0.00514410097672442,21,0.355932203389831,59,"Malignant Glioma","DISGENET","Patterning centers"
"79","PC FGF17","DISGENET::Medulloblastomas",6.19342544068604,0.199539600676331,-0.333333333333333,9.94441797681436,0.375991641821333,-0.0713290624182637,13,0.288888888888889,45,"Medulloblastomas","DISGENET","Patterning centers"
"80","PC FGF17","DISGENET::Neuroblastoma",3.33492139113863,0.101241257132511,-0.268839804959334,12.703018753519,1.58006707706727,-0.0640283857471075,17,0.386363636363636,44,"Neuroblastoma","DISGENET","Patterning centers"
"81","PC FGF17","GWAS::AD 2019",1.90566936636494,0.0657234653489612,0.124942957785683,6.87770190390486,0.274070908876187,0.15191578428901,25,0.185185185185185,135,"AD 2019","GWAS","Patterning centers"
"82","PC FGF17","GWAS::ADHD 2019",5.43115769414007,0.170096765578993,-0.0289880847692085,9.88440610817181,0.366009036159179,0.0100444120473251,5,0.263157894736842,19,"ADHD 2019","GWAS","Patterning centers"
"83","PC FGF17","GWAS::AN 2019",6.66984278227727,0.204403796616625,-0.0978002892897431,11.4657773542957,0.460629165279934,-0.0794653434403281,32,0.344086021505376,93,"AN 2019","GWAS","Patterning centers"
"84","PC FGF17","GWAS::ASD 2019",5.66936636493569,0.178530238800412,-0.267423273971388,16.3244402096236,1.44492529450847,-0.190083529324516,7,0.35,20,"ASD 2019","GWAS","Patterning centers"
"85","PC FGF17","GWAS::BD 2019",3.73987613149118,0.117332512649344,-0.24483046704604,9.95129956063734,0.424518210313877,-0.0717606470454397,46,0.255555555555556,180,"BD 2019","GWAS","Patterning centers"
"86","PC FGF17","GWAS::IQ 2018",4.09718913768461,0.125373359011279,-0.181548816111899,10.29178327892,0.621667538688041,-0.078831213290656,196,0.282828282828283,693,"IQ 2018","GWAS","Patterning centers"
"87","PC FGF17","GWAS::MDD 2018",2.35826584087661,0.0715622327181953,-0.0409223708959923,7.44449737970462,0.279256023796495,0.0954500822525701,10,0.2,50,"MDD 2018","GWAS","Patterning centers"
"88","PC FGF17","GWAS::NEUROT 2018",3.50166746069557,0.109946693031067,-0.0854935081472609,8.84534507400897,0.348940413026324,0.0277347292709919,61,0.262931034482759,232,"NEUROT 2018","GWAS","Patterning centers"
"89","PC FGF17","GWAS::PD 2014",3.57313006193425,0.112079377807173,-0.109329514067783,9.23014486616202,0.501912530269836,0.0301408490801947,7,0.259259259259259,27,"PD 2014","GWAS","Patterning centers"
"90","PC FGF17","GWAS::SCZ 2020",3.6684135302525,0.120561524661306,-0.0693691659313745,8.23472790736113,0.305129356379446,0.024464131597982,28,0.285714285714286,98,"SCZ 2020","GWAS","Patterning centers"
"91","PC FGF17","MAGMA::AD 2019",2.52501191043354,0.0746404716350469,0.164102314237548,7.84438279043553,0.30042135559064,0.276450840435335,36,0.235294117647059,153,"AD 2019","MAGMA","Patterning centers"
"92","PC FGF17","MAGMA::ADHD 2019",2.76322058122916,0.085407303157318,-0.0908834918119183,9.71292109749776,0.760061796873666,-0.00705592771705884,40,0.251572327044025,159,"ADHD 2019","MAGMA","Patterning centers"
"93","PC FGF17","MAGMA::AN 2019",5.14530728918533,0.160592582938824,-0.00946127467045511,10.1439583967121,0.402745017124032,-0.0201816398511515,54,0.325301204819277,166,"AN 2019","MAGMA","Patterning centers"
"94","PC FGF17","MAGMA::ASD 2019",2.8585040495474,0.0854892263362953,-0.063275731988889,7.75923020668016,0.309401196973095,0.106279600404625,35,0.222929936305732,157,"ASD 2019","MAGMA","Patterning centers"
"95","PC FGF17","MAGMA::BD 2019",3.90662220104812,0.119400031350856,-0.169791901838218,9.62636135496733,0.407658685589771,-0.0433988139138231,40,0.254777070063694,157,"BD 2019","MAGMA","Patterning centers"
"96","PC FGF17","MAGMA::IQ 2018",4.38303954263935,0.133079851830653,-0.15445873949875,11.1184566219334,0.543401114623165,0.00328107265291123,60,0.337078651685393,178,"IQ 2018","MAGMA","Patterning centers"
"97","PC FGF17","MAGMA::MDD 2018",3.71605526441162,0.108140702994149,-0.0663680211341658,10.6360960280676,0.687748118747264,0.0417214859590638,42,0.278145695364238,151,"MDD 2018","MAGMA","Patterning centers"
"98","PC FGF17","MAGMA::NEUROT 2018",3.43020485945689,0.107740703608127,-0.1721602580447,8.50835452338176,0.321237345216153,-0.0654065742802642,44,0.265060240963855,166,"NEUROT 2018","MAGMA","Patterning centers"
"99","PC FGF17","MAGMA::OCD 2018",3.38256312529776,0.0963282224197261,-0.13648122641045,9.63455451944056,0.408953552159544,0.0158805791827788,44,0.280254777070064,157,"OCD 2018","MAGMA","Patterning centers"
"100","PC FGF17","MAGMA::PD 2014",3.76369699857075,0.11764414334907,-0.148152869974065,9.08379179651821,0.375618054615849,-0.106762170405547,49,0.312101910828025,157,"PD 2014","MAGMA","Patterning centers"
"101","PC FGF17","MAGMA::SCZ 2020",3.28727965697952,0.105014080246736,-0.162794904108387,12.0126647609973,0.554436900272198,-0.0786586263634875,45,0.3125,144,"SCZ 2020","MAGMA","Patterning centers"
"102","PC FGF17","MAGMA::TS 2019",5.66936636493568,0.161949721442242,-0.21109314679396,11.2323628202708,0.480634699898741,-0.128157877011469,51,0.320754716981132,159,"TS 2019","MAGMA","Patterning centers"
"103","PC FGF17","SFARI Score2",4.00190566936636,0.124304544812265,-0.129944885797793,8.55695694691708,0.344461910676174,-0.0560622074058698,47,0.247368421052632,190,"SFARI Score2","GWAS","Patterning centers"
"104","PC FGF17","SFARI Score3",2.28680323963792,0.0687636065040214,-0.126974541755926,6.4757304142615,0.259268217093516,0.0690606709071114,84,0.195348837209302,430,"SFARI Score3","GWAS","Patterning centers"
"105","PC FGF17","SFARI Syndromic",6.31252977608385,0.203895950509838,-0.157559953931279,10.3049892395394,0.399275799509322,-0.126448494081085,44,0.379310344827586,116,"SFARI Syndromic","GWAS","Patterning centers"
"106","PC NKX2-1 LMO1","ASD HC65",6.80608365019011,0.267352691279581,0.353767403154408,11.6641318124208,0.555231683172097,0.28058256572145,24,0.4,60,"ASD HC65","GWAS","Patterning centers"
"107","PC NKX2-1 LMO1","DD",9.01140684410646,0.342293448556926,0.271515787723733,15.0787615426399,0.791883843163865,0.192711580398023,40,0.476190476190476,84,"DD","GWAS","Patterning centers"
"108","PC NKX2-1 LMO1","DISGENET::Giant Cell Glioblastoma",5.17110266159696,0.190633884530201,-0.241779098246179,8.39939580186468,0.38029507302455,0.113033916946592,23,0.315068493150685,73,"Giant Cell Glioblastoma","DISGENET","Patterning centers"
"109","PC NKX2-1 LMO1","DISGENET::Glioblastoma",2.81368821292776,0.106766031382689,-0.283271646786682,7.93916349809886,0.363895319201232,0.0726624586917578,20,0.307692307692308,65,"Glioblastoma","DISGENET","Patterning centers"
"110","PC NKX2-1 LMO1","DISGENET::Glioblastoma Multiforme",3.04182509505703,0.107101465071757,-0.213146487090857,8.06083650190114,0.378526486714413,0.0918220157420441,27,0.278350515463918,97,"Glioblastoma Multiforme","DISGENET","Patterning centers"
"111","PC NKX2-1 LMO1","DISGENET::Glioma",5.17110266159696,0.199352191594467,0.00656497585813057,13.0068441064639,1.27662615002798,0.209352983723954,27,0.36,75,"Glioma","DISGENET","Patterning centers"
"112","PC NKX2-1 LMO1","DISGENET::M.Oligoastr+Oligodendrogliomas",4.25855513307985,0.185398542323584,-0.181243478264007,10.2023794922115,0.520705112334564,0.150870848262694,10,0.32258064516129,31,"M.Oligoastr+Oligodendrogliomas","DISGENET","Patterning centers"
"113","PC NKX2-1 LMO1","DISGENET::Malignant Glioma",4.48669201520913,0.166820473771413,-0.0711723410986887,13.878971450667,1.5106561176326,0.082447027988627,20,0.338983050847458,59,"Malignant Glioma","DISGENET","Patterning centers"
"114","PC NKX2-1 LMO1","DISGENET::Medulloblastomas",4.63878326996198,0.18469017641972,0.357719891165103,9.07477820025348,0.408683219113694,0.292428576661794,15,0.333333333333333,45,"Medulloblastomas","DISGENET","Patterning centers"
"115","PC NKX2-1 LMO1","DISGENET::Neuroblastoma",4.25855513307985,0.157179075065111,0.208022234661037,13.9595575527134,2.04442527325258,0.3131653950086,16,0.363636363636364,44,"Neuroblastoma","DISGENET","Patterning centers"
"116","PC NKX2-1 LMO1","GWAS::AD 2019",1.59695817490494,0.0624812194865829,0.26897410365943,6.12251795521758,0.296044243118649,0.289584232162687,24,0.177777777777778,135,"AD 2019","GWAS","Patterning centers"
"117","PC NKX2-1 LMO1","GWAS::ADHD 2019",6.00760456273764,0.222480407649833,0.169493042320425,8.11687012207324,0.335140431005775,0.141647852219417,5,0.263157894736842,19,"ADHD 2019","GWAS","Patterning centers"
"118","PC NKX2-1 LMO1","GWAS::AN 2019",5.24714828897338,0.200672743655939,0.0926021532837009,10.1475939327037,0.488042790004591,0.239986738966281,26,0.279569892473118,93,"AN 2019","GWAS","Patterning centers"
"119","PC NKX2-1 LMO1","GWAS::ASD 2019",6.27376425855513,0.233519021557439,0.368036361965303,15.4068441064639,2.86530920121558,0.238268554086887,7,0.35,20,"ASD 2019","GWAS","Patterning centers"
"120","PC NKX2-1 LMO1","GWAS::BD 2019",3.61216730038023,0.1322607164281,-0.0468946628305726,9.00422475707647,0.449094392889785,0.0867764256990222,43,0.238888888888889,180,"BD 2019","GWAS","Patterning centers"
"121","PC NKX2-1 LMO1","GWAS::IQ 2018",3.87832699619772,0.147064962621591,0.124802505001904,9.60984094063942,0.654549334355717,0.207608416256771,182,0.262626262626263,693,"IQ 2018","GWAS","Patterning centers"
"122","PC NKX2-1 LMO1","GWAS::MDD 2018",1.44486692015209,0.0567335740353944,-0.193844709486407,6.01520912547528,0.282222725440671,-0.00192938813986758,9,0.18,50,"MDD 2018","GWAS","Patterning centers"
"123","PC NKX2-1 LMO1","GWAS::NEUROT 2018",3.15589353612167,0.113421620713254,0.14684394410535,8.34502425593287,0.39405020189716,0.223698766123197,59,0.254310344827586,232,"NEUROT 2018","GWAS","Patterning centers"
"124","PC NKX2-1 LMO1","GWAS::PD 2014",2.73764258555133,0.0988699747778551,0.0105457759359429,8.42134910575975,0.570319374363772,0.161936109708653,7,0.259259259259259,27,"PD 2014","GWAS","Patterning centers"
"125","PC NKX2-1 LMO1","GWAS::SCZ 2020",2.58555133079847,0.0971251029165065,0.0790265315894371,7.32133157445488,0.321291384458255,0.118588399277952,23,0.23469387755102,98,"SCZ 2020","GWAS","Patterning centers"
"126","PC NKX2-1 LMO1","MAGMA::AD 2019",1.67300380228137,0.068649080754309,0.124299380275736,6.80484107457939,0.307583042691769,0.239074166496434,29,0.189542483660131,153,"AD 2019","MAGMA","Patterning centers"
"127","PC NKX2-1 LMO1","MAGMA::ADHD 2019",2.73764258555133,0.0974042811777979,0.0656472598515623,9.33400291747375,0.761919767038036,0.243687094170667,37,0.232704402515723,159,"ADHD 2019","MAGMA","Patterning centers"
"128","PC NKX2-1 LMO1","MAGMA::AN 2019",4.52471482889734,0.164125325476655,0.0722550933450756,9.22809107151038,0.436000692050447,0.173133317653207,48,0.289156626506024,166,"AN 2019","MAGMA","Patterning centers"
"129","PC NKX2-1 LMO1","MAGMA::ASD 2019",2.50950570342205,0.0954783209325124,-0.034451106067484,7.04560315807319,0.337304661015607,0.13974317267985,32,0.203821656050955,157,"ASD 2019","MAGMA","Patterning centers"
"130","PC NKX2-1 LMO1","MAGMA::BD 2019",3.80228136882129,0.13472886641107,0.267742733890071,9.10755370419704,0.449289282019,0.254035745863813,41,0.261146496815287,157,"BD 2019","MAGMA","Patterning centers"
"131","PC NKX2-1 LMO1","MAGMA::IQ 2018",4.22053231939164,0.154676677781308,0.21374431806715,9.84619985474431,0.699352873252062,0.271925833706702,53,0.297752808988764,178,"IQ 2018","MAGMA","Patterning centers"
"132","PC NKX2-1 LMO1","MAGMA::MDD 2018",3.19391634980989,0.119118926201898,0.357933031172999,9.79326668848991,0.941070725633228,0.264968949720199,39,0.258278145695364,151,"MDD 2018","MAGMA","Patterning centers"
"133","PC NKX2-1 LMO1","MAGMA::NEUROT 2018",3.19391634980989,0.118463023974421,-0.0282312147399109,7.87026432727106,0.351298460455633,0.131919295439523,42,0.253012048192771,166,"NEUROT 2018","MAGMA","Patterning centers"
"134","PC NKX2-1 LMO1","MAGMA::OCD 2018",2.6615969581749,0.100823965658028,-0.0811564393075919,8.87263568332082,0.438308957780156,0.10793516234702,42,0.267515923566879,157,"OCD 2018","MAGMA","Patterning centers"
"135","PC NKX2-1 LMO1","MAGMA::PD 2014",3.49809885931559,0.124480633532582,0.0723419252207725,8.50500108982587,0.422703646298228,0.250965371241852,45,0.286624203821656,157,"PD 2014","MAGMA","Patterning centers"
"136","PC NKX2-1 LMO1","MAGMA::SCZ 2020",3.26996197718632,0.125410631399505,0.34047224471255,11.6592733417828,0.630139594871287,0.302500870943782,47,0.326388888888889,144,"SCZ 2020","MAGMA","Patterning centers"
"137","PC NKX2-1 LMO1","MAGMA::TS 2019",5.24714828897338,0.200769928065528,0.378785653924794,11.0117894636153,0.556651508163467,0.341587256382683,52,0.327044025157233,159,"TS 2019","MAGMA","Patterning centers"
"138","PC NKX2-1 LMO1","SFARI Score2",3.11787072243346,0.118502464175221,0.15219956071493,7.82749649789874,0.374350265247297,0.166177926566886,41,0.215789473684211,190,"SFARI Score2","GWAS","Patterning centers"
"139","PC NKX2-1 LMO1","SFARI Score3",2.0532319391635,0.0776147123253258,-0.0941799685786698,5.93085153417632,0.281345123808944,0.0647522583150207,75,0.174418604651163,430,"SFARI Score3","GWAS","Patterning centers"
"140","PC NKX2-1 LMO1","SFARI Syndromic",5.77946768060836,0.215195292055267,0.0491660309079646,9.767274157598,0.474014895365463,0.130018254550939,36,0.310344827586207,116,"SFARI Syndromic","GWAS","Patterning centers"
"141","PC NKX2-1 NKX6-2","ASD HC65",6.92567567567568,0.280034209733747,0.657719818869944,12.7224099099099,0.579647637406723,0.552081396714972,25,0.416666666666667,60,"ASD HC65","GWAS","Patterning centers"
"142","PC NKX2-1 NKX6-2","DD",9.29054054054054,0.33256660817481,0.286157935237359,15.5103764478764,0.779931895238255,0.260764640732967,39,0.464285714285714,84,"DD","GWAS","Patterning centers"
"143","PC NKX2-1 NKX6-2","DISGENET::Giant Cell Glioblastoma",5.91216216216216,0.177081360058801,0.345934083142169,9.46640133283969,0.417265096305401,0.347765559515726,25,0.342465753424658,73,"Giant Cell Glioblastoma","DISGENET","Patterning centers"
"144","PC NKX2-1 NKX6-2","DISGENET::Glioblastoma",4.05405405405405,0.135311470983862,0.398283188450404,8.96829521829522,0.402751289332982,0.379666970826828,21,0.323076923076923,65,"Glioblastoma","DISGENET","Patterning centers"
"145","PC NKX2-1 NKX6-2","DISGENET::Glioblastoma Multiforme",4.39189189189189,0.137537309075505,0.305827697658534,9.08331011423795,0.411686352916033,0.358656060285516,30,0.309278350515464,97,"Glioblastoma Multiforme","DISGENET","Patterning centers"
"146","PC NKX2-1 NKX6-2","DISGENET::Glioma",5.06756756756757,0.17734036984008,-0.0832671710168626,13.5900900900901,1.28422898748989,0.118809574472045,28,0.373333333333333,75,"Glioma","DISGENET","Patterning centers"
"147","PC NKX2-1 NKX6-2","DISGENET::M.Oligoastr+Oligodendrogliomas",5.40540540540541,0.181777468884937,-0.133934119026601,11.2576285963383,0.573498746894205,0.117201275153706,10,0.32258064516129,31,"M.Oligoastr+Oligodendrogliomas","DISGENET","Patterning centers"
"148","PC NKX2-1 NKX6-2","DISGENET::Malignant Glioma",5.06756756756757,0.17734036984008,-0.0837740948177427,14.3981905634448,1.51733981163804,0.0679459930701764,22,0.372881355932203,59,"Malignant Glioma","DISGENET","Patterning centers"
"149","PC NKX2-1 NKX6-2","DISGENET::Medulloblastomas",5.06756756756757,0.17734036984008,0.0627982208050111,9.51576576576577,0.398751601704519,0.208720601081917,14,0.311111111111111,45,"Medulloblastomas","DISGENET","Patterning centers"
"150","PC NKX2-1 NKX6-2","DISGENET::Neuroblastoma",3.04054054054054,0.102230959070443,-0.247634320896585,12.8263206388206,1.50531538281887,-0.062382911140907,16,0.363636363636364,44,"Neuroblastoma","DISGENET","Patterning centers"
"151","PC NKX2-1 NKX6-2","GWAS::AD 2019",1.68918918918919,0.0588533064769573,-0.0126977193361332,6.53778778778779,0.295108301373145,0.121468161640642,25,0.185185185185185,135,"AD 2019","GWAS","Patterning centers"
"152","PC NKX2-1 NKX6-2","GWAS::ADHD 2019",6.25,0.194696500546752,1.03591554539155,8.97048364153628,0.348294313466862,0.611876920529235,5,0.263157894736842,19,"ADHD 2019","GWAS","Patterning centers"
"153","PC NKX2-1 NKX6-2","GWAS::AN 2019",6.08108108108108,0.203828754843546,0.127019757206176,10.7853821563499,0.485381808821737,0.200988820917943,30,0.32258064516129,93,"AN 2019","GWAS","Patterning centers"
"154","PC NKX2-1 NKX6-2","GWAS::ASD 2019",5.48986486486486,0.175508356907594,-0.0676425656363543,16.1655405405405,1.83769677574727,0.144246556325369,7,0.35,20,"ASD 2019","GWAS","Patterning centers"
"155","PC NKX2-1 NKX6-2","GWAS::BD 2019",3.88513513513514,0.137016056597455,0.159447688836179,9.86861861861862,0.459371151062944,0.245238269460632,47,0.261111111111111,180,"BD 2019","GWAS","Patterning centers"
"156","PC NKX2-1 NKX6-2","GWAS::IQ 2018",4.05405405405405,0.140770514964611,0.0346986154440835,10.1843726843727,0.655727998569469,0.183869194726776,199,0.287157287157287,693,"IQ 2018","GWAS","Patterning centers"
"157","PC NKX2-1 NKX6-2","GWAS::MDD 2018",1.52027027027027,0.0427056059337206,-0.328980345276572,6.49662162162162,0.281118261001819,-0.197440732862144,9,0.18,50,"MDD 2018","GWAS","Patterning centers"
"158","PC NKX2-1 NKX6-2","GWAS::NEUROT 2018",3.37837837837838,0.122268313279121,0.0677193179768969,8.68549044734389,0.384646343477976,0.165980946778514,59,0.254310344827586,232,"NEUROT 2018","GWAS","Patterning centers"
"159","PC NKX2-1 NKX6-2","GWAS::PD 2014",3.20945945945946,0.112098045696183,0.426787438114588,8.67742742742742,0.472821416695178,0.542570447649736,8,0.296296296296296,27,"PD 2014","GWAS","Patterning centers"
"160","PC NKX2-1 NKX6-2","GWAS::SCZ 2020",2.53378378378378,0.0896182826494346,-0.118685247386598,7.63410093767237,0.314871129927449,0.0974146262914263,26,0.26530612244898,98,"SCZ 2020","GWAS","Patterning centers"
"161","PC NKX2-1 NKX6-2","MAGMA::AD 2019",2.02702702702703,0.0856081301856877,0.0677193179768969,7.31098745804628,0.307608371337411,0.146255148451258,34,0.222222222222222,153,"AD 2019","MAGMA","Patterning centers"
"162","PC NKX2-1 NKX6-2","MAGMA::ADHD 2019",2.7027027027027,0.100127601657159,-0.0197599157105171,9.31072582015978,0.730160761754492,0.136121486521803,34,0.213836477987421,159,"ADHD 2019","MAGMA","Patterning centers"
"163","PC NKX2-1 NKX6-2","MAGMA::AN 2019",4.72972972972973,0.160183026729323,0.139122539699072,9.76066427873657,0.425893621058987,0.249784372321189,55,0.331325301204819,166,"AN 2019","MAGMA","Patterning centers"
"164","PC NKX2-1 NKX6-2","MAGMA::ASD 2019",2.7027027027027,0.092692354621692,-0.15579359754212,7.54647960061973,0.338504740590704,0.0238235120879814,32,0.203821656050955,157,"ASD 2019","MAGMA","Patterning centers"
"165","PC NKX2-1 NKX6-2","MAGMA::BD 2019",3.88513513513514,0.133722164919453,0.271099861234439,9.68862971251506,0.450755547648365,0.340222446728991,44,0.280254777070064,157,"BD 2019","MAGMA","Patterning centers"
"166","PC NKX2-1 NKX6-2","MAGMA::IQ 2018",3.63175675675676,0.127401340551444,0.0473721933933165,10.4407075614941,0.583595864069946,0.145796978795205,57,0.320224719101124,178,"IQ 2018","MAGMA","Patterning centers"
"167","PC NKX2-1 NKX6-2","MAGMA::MDD 2018",3.71621621621622,0.122564709606622,0.210447077227158,10.1541524968677,0.793639564597721,0.234339401698904,39,0.258278145695364,151,"MDD 2018","MAGMA","Patterning centers"
"168","PC NKX2-1 NKX6-2","MAGMA::NEUROT 2018",3.37837837837838,0.121201616030674,-0.0132822916084355,8.28720286551612,0.34387708884559,0.158655567025724,43,0.259036144578313,166,"NEUROT 2018","MAGMA","Patterning centers"
"169","PC NKX2-1 NKX6-2","MAGMA::OCD 2018",2.7027027027027,0.0962921013237035,-0.297272928869177,9.05168703735582,0.423820798174422,-0.00371567293594351,41,0.261146496815287,157,"OCD 2018","MAGMA","Patterning centers"
"170","PC NKX2-1 NKX6-2","MAGMA::PD 2014",4.22297297297297,0.146704841867812,0.242825707011656,8.96776553623687,0.397963205217924,0.301478373001095,47,0.299363057324841,157,"PD 2014","MAGMA","Patterning centers"
"171","PC NKX2-1 NKX6-2","MAGMA::SCZ 2020",3.71621621621622,0.126011110660192,0.339077144774508,12.0542417417417,0.619396988189994,0.328305487404001,47,0.326388888888889,144,"SCZ 2020","MAGMA","Patterning centers"
"172","PC NKX2-1 NKX6-2","MAGMA::TS 2019",5.57432432432432,0.181702818420427,0.212269250738056,11.1263386027537,0.526866363983184,0.197693378157545,52,0.327044025157233,159,"TS 2019","MAGMA","Patterning centers"
"173","PC NKX2-1 NKX6-2","SFARI Score2",3.37837837837838,0.114813201649232,0.132233884374025,8.2574679943101,0.361817326794811,0.249021816202332,45,0.236842105263158,190,"SFARI Score2","GWAS","Patterning centers"
"174","PC NKX2-1 NKX6-2","SFARI Score3",2.02702702702703,0.0688072313046028,-0.175785599205262,6.34781583909491,0.283535588063698,0.0613273397377676,80,0.186046511627907,430,"SFARI Score3","GWAS","Patterning centers"
"175","PC NKX2-1 NKX6-2","SFARI Syndromic",6.16554054054054,0.217732655441647,0.135591749082876,10.5414142590867,0.481997556927506,0.222870725346618,38,0.327586206896552,116,"SFARI Syndromic","GWAS","Patterning centers"
"176","PC RSPO3","ASD HC65",6.49740103958417,0.217454997098851,-0.0721256528335261,12.1298147407704,0.477451260434743,0.0483977852787461,24,0.4,60,"ASD HC65","GWAS","Patterning centers"
"177","PC RSPO3","DD",10.8156737305078,0.355339138975588,-0.118470231720237,15.5623464899754,0.678841205656744,0.0338216684722676,45,0.535714285714286,84,"DD","GWAS","Patterning centers"
"178","PC RSPO3","DISGENET::Giant Cell Glioblastoma",3.03878448620552,0.0924559400384081,-0.304914184283259,9.48552086014909,0.48238486013648,-0.0402149877463154,27,0.36986301369863,73,"Giant Cell Glioblastoma","DISGENET","Patterning centers"
"179","PC RSPO3","DISGENET::Glioblastoma",2.15913634546182,0.0646119405806236,-0.280724041421534,9.00870421062344,0.478631118381374,-0.0118314759414912,22,0.338461538461538,65,"Glioblastoma","DISGENET","Patterning centers"
"180","PC RSPO3","DISGENET::Glioblastoma Multiforme",2.55897640943623,0.0842291209596052,-0.333333333333333,8.74454341974551,0.422304316132387,-0.0390552471418597,31,0.319587628865979,97,"Glioblastoma Multiforme","DISGENET","Patterning centers"
"181","PC RSPO3","DISGENET::Glioma",5.47780887644942,0.164230412411174,-0.501754076024677,12.7580967612955,1.06462746311393,-0.333211629942437,23,0.306666666666667,75,"Glioma","DISGENET","Patterning centers"
"182","PC RSPO3","DISGENET::M.Oligoastr+Oligodendrogliomas",5.19792083166733,0.158721947932779,-0.156253745424474,12.2247875043531,0.733603621588512,-0.0102964410583153,12,0.387096774193548,31,"M.Oligoastr+Oligodendrogliomas","DISGENET","Patterning centers"
"183","PC RSPO3","DISGENET::Malignant Glioma",4.91803278688525,0.163007213536097,-0.502379073788413,13.6338684865037,1.2641293015329,-0.350658163628625,19,0.322033898305085,59,"Malignant Glioma","DISGENET","Patterning centers"
"184","PC RSPO3","DISGENET::Medulloblastomas",4.6781287485006,0.142876932493076,-0.478163891314968,9.27451241725532,0.393949781718168,-0.294850870503572,12,0.266666666666667,45,"Medulloblastomas","DISGENET","Patterning centers"
"185","PC RSPO3","DISGENET::Neuroblastoma",2.0391843262695,0.0605958552631559,-0.495949350159305,12.058812838501,1.13964552024949,-0.285440664362359,17,0.386363636363636,44,"Neuroblastoma","DISGENET","Patterning centers"
"186","PC RSPO3","GWAS::AD 2019",1.67932826869252,0.0526824635334357,-0.333333333333333,6.49962237327291,0.276058120918066,-0.227653361209557,25,0.185185185185185,135,"AD 2019","GWAS","Patterning centers"
"187","PC RSPO3","GWAS::ADHD 2019",4.71811275489804,0.150589756864965,-0.698362721694302,7.44544287548139,0.256413808685588,-0.434837068647437,4,0.210526315789474,19,"ADHD 2019","GWAS","Patterning centers"
"188","PC RSPO3","GWAS::AN 2019",5.3578568572571,0.166967505138693,-0.229680119897924,10.9999011148229,0.470296717622472,-0.190120918336348,33,0.354838709677419,93,"AN 2019","GWAS","Patterning centers"
"189","PC RSPO3","GWAS::ASD 2019",4.95801679328269,0.146219372188744,-0.734304430877773,15.4758096761295,1.2438539279479,-0.490391624272041,6,0.3,20,"ASD 2019","GWAS","Patterning centers"
"190","PC RSPO3","GWAS::BD 2019",3.91843262694922,0.124752480058302,-0.238459867156653,10.4938024790084,0.509345504419025,-0.0395310407178399,45,0.25,180,"BD 2019","GWAS","Patterning centers"
"191","PC RSPO3","GWAS::IQ 2018",4.07836865253898,0.122421145285407,-0.2679178493049,10.1913635700121,0.607042863033061,-0.129327804256019,199,0.287157287157287,693,"IQ 2018","GWAS","Patterning centers"
"192","PC RSPO3","GWAS::MDD 2018",2.63894442223111,0.0857865310883286,-0.186003207080785,7.66333466613355,0.334182327605634,0.0168659895592076,11,0.22,50,"MDD 2018","GWAS","Patterning centers"
"193","PC RSPO3","GWAS::NEUROT 2018",3.15873650539784,0.0973878002095828,-0.290038914062897,9.30265824704601,0.456478352081792,-0.139465755340737,58,0.25,232,"NEUROT 2018","GWAS","Patterning centers"
"194","PC RSPO3","GWAS::PD 2014",3.35865653738505,0.10816362718849,-0.322324115636526,8.98159254816592,0.42792294657235,-0.150087575733104,7,0.259259259259259,27,"PD 2014","GWAS","Patterning centers"
"195","PC RSPO3","GWAS::SCZ 2020",3.57856857257098,0.11326325521332,-0.238738886035857,8.36848933895829,0.315106879330968,-0.0372840514309453,24,0.244897959183673,98,"SCZ 2020","GWAS","Patterning centers"
"196","PC RSPO3","MAGMA::AD 2019",2.11915233906437,0.0667588022594336,-0.363982596204911,7.24781982631784,0.279261131221778,-0.25723917703544,31,0.202614379084967,153,"AD 2019","MAGMA","Patterning centers"
"197","PC RSPO3","MAGMA::ADHD 2019",2.4390243902439,0.0720849165235829,-0.424295048417542,9.45156528583535,0.794773251278358,-0.282562050749924,36,0.226415094339623,159,"ADHD 2019","MAGMA","Patterning centers"
"198","PC RSPO3","MAGMA::AN 2019",4.75809676129548,0.147200477751035,-0.329212284613561,9.62097088875293,0.389488878620946,-0.246005227598075,52,0.313253012048193,166,"AN 2019","MAGMA","Patterning centers"
"199","PC RSPO3","MAGMA::ASD 2019",3.1187524990004,0.0963424186153582,-0.250453785594549,7.6219193851122,0.310288103290038,-0.0738916270004772,34,0.21656050955414,157,"ASD 2019","MAGMA","Patterning centers"
"200","PC RSPO3","MAGMA::BD 2019",3.9984006397441,0.124484771417013,-0.353986527590178,9.39929760579844,0.411702606374808,-0.221781577956973,38,0.24203821656051,157,"BD 2019","MAGMA","Patterning centers"
"201","PC RSPO3","MAGMA::IQ 2018",4.09836065573771,0.127605548371689,-0.299076741946585,10.6065438992942,0.498065260717254,-0.144073678114797,59,0.331460674157303,178,"IQ 2018","MAGMA","Patterning centers"
"202","PC RSPO3","MAGMA::MDD 2018",3.19872051179528,0.1000634815223,-0.333333333333333,10.1008603181244,0.662343434772688,-0.199315067916943,38,0.251655629139073,151,"MDD 2018","MAGMA","Patterning centers"
"203","PC RSPO3","MAGMA::NEUROT 2018",3.31867253098761,0.105934802898681,-0.299917588989633,9.22161255979536,0.465134327584136,-0.116267897714884,44,0.265060240963855,166,"NEUROT 2018","MAGMA","Patterning centers"
"204","PC RSPO3","MAGMA::OCD 2018",2.31907237105158,0.0697492796124811,-0.333333333333333,9.27348805700649,0.39804766644318,-0.22346729510406,40,0.254777070063694,157,"OCD 2018","MAGMA","Patterning centers"
"205","PC RSPO3","MAGMA::PD 2014",3.75849660135946,0.12095682331138,-0.431275548489147,8.80819646663628,0.361249495337786,-0.346126223370954,42,0.267515923566879,157,"PD 2014","MAGMA","Patterning centers"
"206","PC RSPO3","MAGMA::SCZ 2020",3.03878448620552,0.089250510201828,-0.386282729378208,11.6506175307655,0.535852022713221,-0.250990190564859,44,0.305555555555556,144,"SCZ 2020","MAGMA","Patterning centers"
"207","PC RSPO3","MAGMA::TS 2019",5.03798480607757,0.155543438534376,-0.34315406382141,11.4638421361015,0.533665361177793,-0.243855709717045,47,0.29559748427673,159,"TS 2019","MAGMA","Patterning centers"
"208","PC RSPO3","SFARI Score2",3.49860055977609,0.107400235634912,-0.334834881265589,8.54163597718807,0.346626644806909,-0.109825560610148,49,0.257894736842105,190,"SFARI Score2","GWAS","Patterning centers"
"209","PC RSPO3","SFARI Score3",1.85925629748101,0.0568044682646996,-0.333333333333333,6.5365481714291,0.271800425894669,-0.140027356571657,77,0.17906976744186,430,"SFARI Score3","GWAS","Patterning centers"
"210","PC RSPO3","SFARI Syndromic",6.99720111955218,0.217812232192356,-0.414441028246162,11.2461911787009,0.476974812563805,-0.105187414515009,44,0.379310344827586,116,"SFARI Syndromic","GWAS","Patterning centers"
"211","PC SFRP2","ASD HC65",4.54163162321278,0.168316079496045,-0.676908244911782,9.97617045135968,0.46902156570434,-0.504598462815191,23,0.383333333333333,60,"ASD HC65","GWAS","Patterning centers"
"212","PC SFRP2","DD",7.44322960470984,0.285721388918594,-0.519606532480523,12.6546918178541,0.601576013037015,-0.334200781171962,36,0.428571428571429,84,"DD","GWAS","Patterning centers"
"213","PC SFRP2","DISGENET::Giant Cell Glioblastoma",3.1959629941127,0.122524987548109,-0.441485451300894,7.63390439761743,0.357483537971306,-0.20563126149844,22,0.301369863013699,73,"Giant Cell Glioblastoma","DISGENET","Patterning centers"
"214","PC SFRP2","DISGENET::Glioblastoma",2.4390243902439,0.0957693633105477,-0.401974970130812,7.1786245713916,0.343137767403636,-0.200714289791206,18,0.276923076923077,65,"Glioblastoma","DISGENET","Patterning centers"
"215","PC SFRP2","DISGENET::Glioblastoma Multiforme",2.4390243902439,0.0872769722653209,-0.439724275042519,7.24077237217448,0.339759263753611,-0.286533799678494,25,0.257731958762887,97,"Glioblastoma Multiforme","DISGENET","Patterning centers"
"216","PC SFRP2","DISGENET::Glioma",4.79394449116905,0.189165301872277,-0.360348189728041,12.6582562377348,1.35354245203487,-0.255533347088591,23,0.306666666666667,75,"Glioma","DISGENET","Patterning centers"
"217","PC SFRP2","DISGENET::M.Oligoastr+Oligodendrogliomas",2.69133725820017,0.122524987548109,-0.480080129751819,9.67470631324778,0.478245247605119,-0.279671284978905,9,0.290322580645161,31,"M.Oligoastr+Oligodendrogliomas","DISGENET","Patterning centers"
"218","PC SFRP2","DISGENET::Malignant Glioma",4.12111017661901,0.157368049140182,-0.333333333333333,13.7759974911263,1.62489894608678,-0.202793421075145,19,0.322033898305085,59,"Malignant Glioma","DISGENET","Patterning centers"
"219","PC SFRP2","DISGENET::Medulloblastomas",4.79394449116905,0.172388081440239,-0.531465907077757,7.6796561069059,0.327092406231273,-0.414968152257772,9,0.2,45,"Medulloblastomas","DISGENET","Patterning centers"
"220","PC SFRP2","DISGENET::Neuroblastoma",1.68208578637511,0.0691070696301476,-0.438898977008756,11.2910008410429,1.148245557824,-0.299860177388714,15,0.340909090909091,44,"Neuroblastoma","DISGENET","Patterning centers"
"221","PC SFRP2","GWAS::AD 2019",1.34566862910008,0.046664525758086,-0.43950036779921,5.96828956795315,0.296924367708427,-0.303178660643064,20,0.148148148148148,135,"AD 2019","GWAS","Patterning centers"
"222","PC SFRP2","GWAS::ADHD 2019",3.1959629941127,0.131373691822227,-0.614848870225477,6.69735735469878,0.268123447306836,-0.291582154168156,4,0.210526315789474,19,"ADHD 2019","GWAS","Patterning centers"
"223","PC SFRP2","GWAS::AN 2019",4.28931875525652,0.166514486201732,-0.451599635987188,9.75700190817258,0.46485074494736,-0.250908169297072,24,0.258064516129032,93,"AN 2019","GWAS","Patterning centers"
"224","PC SFRP2","GWAS::ASD 2019",7.31707317073171,0.28494603227838,-0.183359905309034,15.8200168208579,1.79429224225759,0.110459048708376,8,0.4,20,"ASD 2019","GWAS","Patterning centers"
"225","PC SFRP2","GWAS::BD 2019",2.94365012615643,0.103430850535025,-0.333333333333333,9.25567703952902,0.470674457135967,-0.177355253067199,41,0.227777777777778,180,"BD 2019","GWAS","Patterning centers"
"226","PC SFRP2","GWAS::IQ 2018",3.1959629941127,0.116140594427331,-0.342290254778434,9.29564781541232,0.630560046845351,-0.203624232973159,175,0.252525252525253,693,"IQ 2018","GWAS","Patterning centers"
"227","PC SFRP2","GWAS::MDD 2018",1.892346509672,0.0733198861304522,-0.333333333333333,6.64423885618167,0.313681228605523,-0.179595390782402,9,0.18,50,"MDD 2018","GWAS","Patterning centers"
"228","PC SFRP2","GWAS::NEUROT 2018",2.52312867956266,0.0943014860054562,-0.433508215309545,8.32124938371857,0.405559518272799,-0.282988863330462,53,0.228448275862069,232,"NEUROT 2018","GWAS","Patterning centers"
"229","PC SFRP2","GWAS::PD 2014",3.36417157275021,0.112642089143576,-0.32241312803718,10.5940254804847,0.621657932307126,0.026569894339241,8,0.296296296296296,27,"PD 2014","GWAS","Patterning centers"
"230","PC SFRP2","GWAS::SCZ 2020",2.31286795626577,0.086767014203448,-0.464172524222769,6.92058152108615,0.303560322879103,-0.32461604212958,21,0.214285714285714,98,"SCZ 2020","GWAS","Patterning centers"
"231","PC SFRP2","MAGMA::AD 2019",1.59798149705635,0.056070457371479,-0.436362832917439,6.69426166878302,0.305964839332794,-0.225643128673178,27,0.176470588235294,153,"AD 2019","MAGMA","Patterning centers"
"232","PC SFRP2","MAGMA::ADHD 2019",2.01850294365013,0.0729777157297716,-0.400074046754294,8.48871468545525,0.770629774948088,-0.164160305506995,30,0.188679245283019,159,"ADHD 2019","MAGMA","Patterning centers"
"233","PC SFRP2","MAGMA::AN 2019",3.74264087468461,0.144063578774759,-0.425276766598037,8.38560296695613,0.390221500117311,-0.253395939153963,44,0.265060240963855,166,"AN 2019","MAGMA","Patterning centers"
"234","PC SFRP2","MAGMA::ASD 2019",1.59798149705635,0.0621131489735175,-0.390755085611005,6.87780236027706,0.340739181599797,-0.218491492586842,29,0.184713375796178,157,"ASD 2019","MAGMA","Patterning centers"
"235","PC SFRP2","MAGMA::BD 2019",2.94365012615643,0.102467721372515,-0.396826937785703,8.66059901539055,0.437585816919399,-0.257572200454057,36,0.229299363057325,157,"BD 2019","MAGMA","Patterning centers"
"236","PC SFRP2","MAGMA::IQ 2018",3.36417157275022,0.120912342314404,-0.333333333333333,9.34880600258928,0.554580919075977,-0.2331226955998,50,0.280898876404494,178,"IQ 2018","MAGMA","Patterning centers"
"237","PC SFRP2","MAGMA::MDD 2018",2.77544154751892,0.0979281366059086,-0.420266453648013,9.03424882616033,0.738795206405579,-0.208853333791462,34,0.225165562913907,151,"MDD 2018","MAGMA","Patterning centers"
"238","PC SFRP2","MAGMA::NEUROT 2018",2.64928511354079,0.100219347276066,-0.381783715151967,8.23664717743978,0.390878511629839,-0.206425387304701,39,0.234939759036145,166,"NEUROT 2018","MAGMA","Patterning centers"
"239","PC SFRP2","MAGMA::OCD 2018",2.18671152228764,0.0786775004211941,-0.294689745203991,9.1459396913319,0.450297525490565,-0.0328461469745655,42,0.267515923566879,157,"OCD 2018","MAGMA","Patterning centers"
"240","PC SFRP2","MAGMA::PD 2014",3.36417157275021,0.112801450006934,-0.333333333333333,8.45221322847975,0.410661972883001,-0.174211654213999,42,0.267515923566879,157,"PD 2014","MAGMA","Patterning centers"
"241","PC SFRP2","MAGMA::SCZ 2020",2.56518082422204,0.0931010968099372,-0.395215339309856,11.0433604336043,0.589439022767941,-0.258089535577602,43,0.298611111111111,144,"SCZ 2020","MAGMA","Patterning centers"
"242","PC SFRP2","MAGMA::TS 2019",5.13036164844407,0.190063097670768,-0.333333333333333,10.1316575950405,0.48837503183882,-0.190326312557992,46,0.289308176100629,159,"TS 2019","MAGMA","Patterning centers"
"243","PC SFRP2","SFARI Score2",2.35492010092515,0.0867227503682401,-0.47402260556835,7.23031295648709,0.341579875678535,-0.326833173188505,34,0.178947368421053,190,"SFARI Score2","GWAS","Patterning centers"
"244","PC SFRP2","SFARI Score3",1.47182506307822,0.0557982636353105,-0.432006795231139,5.55792438437616,0.275597548518394,-0.25976751023043,66,0.153488372093023,430,"SFARI Score3","GWAS","Patterning centers"
"245","PC SFRP2","SFARI Syndromic",5.42472666105972,0.194963328297473,-0.37580043161363,10.4361822452945,0.58672964864868,-0.156383806641659,31,0.267241379310345,116,"SFARI Syndromic","GWAS","Patterning centers"
"246","PC TCF7L2","ASD HC65",4.44078947368421,0.142084423017995,-1.19066840994513,10.9411549707602,0.458137785040648,-0.980715187794016,20,0.333333333333333,60,"ASD HC65","GWAS","Patterning centers"
"247","PC TCF7L2","DD",6.14035087719298,0.202233690845703,-1.01862963978073,12.6775271512114,0.519015192347912,-0.798926203965861,31,0.369047619047619,84,"DD","GWAS","Patterning centers"
"248","PC TCF7L2","DISGENET::Giant Cell Glioblastoma",3.94736842105263,0.124909941751358,-0.544099747800105,7.80010814708003,0.314110971611232,-0.453487840484672,21,0.287671232876712,73,"Giant Cell Glioblastoma","DISGENET","Patterning centers"
"249","PC TCF7L2","DISGENET::Glioblastoma",2.41228070175439,0.0783816904305833,-0.52232386296975,7.6889338731444,0.316769032409302,-0.376944545529765,18,0.276923076923077,65,"Glioblastoma","DISGENET","Patterning centers"
"250","PC TCF7L2","DISGENET::Glioblastoma Multiforme",2.74122807017544,0.0794299193793494,-0.589838870530389,7.62117923675167,0.308219749943839,-0.440585622234179,23,0.237113402061856,97,"Glioblastoma Multiforme","DISGENET","Patterning centers"
"251","PC TCF7L2","DISGENET::Glioma",4.60526315789474,0.134614782255807,-0.54671395592798,13.0248538011696,1.36292911941541,-0.355596766704004,24,0.32,75,"Glioma","DISGENET","Patterning centers"
"252","PC TCF7L2","DISGENET::M.Oligoastr+Oligodendrogliomas",3.28947368421053,0.100169183648713,-0.677012019201912,8.55616864742501,0.347797918822107,-0.817608508247875,9,0.290322580645161,31,"M.Oligoastr+Oligodendrogliomas","DISGENET","Patterning centers"
"253","PC TCF7L2","DISGENET::Malignant Glioma",3.28947368421053,0.100169183648713,-0.546951931558251,13.8789771037764,1.63374247404654,-0.45012154528774,20,0.338983050847458,59,"Malignant Glioma","DISGENET","Patterning centers"
"254","PC TCF7L2","DISGENET::Medulloblastomas",5.92105263157895,0.185999298008882,-0.336406283129957,9.35916179337232,0.357051512922734,-0.125528539528229,14,0.311111111111111,45,"Medulloblastomas","DISGENET","Patterning centers"
"255","PC TCF7L2","DISGENET::Neuroblastoma",2.35745614035087,0.0702048806466803,-0.490161388749987,11.5056818181818,1.16015351600785,-0.385380797167465,15,0.340909090909091,44,"Neuroblastoma","DISGENET","Patterning centers"
"256","PC TCF7L2","GWAS::AD 2019",1.42543859649123,0.047231398685866,-0.423722809463111,6.80393112410656,0.318840954702638,-0.213901277248089,24,0.177777777777778,135,"AD 2019","GWAS","Patterning centers"
"257","PC TCF7L2","GWAS::ADHD 2019",4.27631578947368,0.128778189220856,-0.56986137155602,7.43305632502308,0.257375100114181,-0.581650522713256,5,0.263157894736842,19,"ADHD 2019","GWAS","Patterning centers"
"258","PC TCF7L2","GWAS::AN 2019",5.92105263157895,0.167966581168122,-0.428839686442192,11.1028579513299,0.460725561645824,-0.371161591349896,30,0.32258064516129,93,"AN 2019","GWAS","Patterning centers"
"259","PC TCF7L2","GWAS::ASD 2019",5.59210526315789,0.184696646845946,-0.243207651351981,17.203947368421,1.47372428075657,-0.0845019763811579,8,0.4,20,"ASD 2019","GWAS","Patterning centers"
"260","PC TCF7L2","GWAS::BD 2019",3.125,0.0898876755613135,-0.506521678086673,10.078581871345,0.466112862166371,-0.320783769982945,45,0.25,180,"BD 2019","GWAS","Patterning centers"
"261","PC TCF7L2","GWAS::IQ 2018",3.39912280701754,0.106686664674099,-0.503952305339127,10.2954672033619,0.624438781171006,-0.372299362069517,184,0.265512265512266,693,"IQ 2018","GWAS","Patterning centers"
"262","PC TCF7L2","GWAS::MDD 2018",1.42543859649123,0.0523095100023773,-0.402760209090919,6.60526315789473,0.25307225775158,-0.17115786838608,10,0.2,50,"MDD 2018","GWAS","Patterning centers"
"263","PC TCF7L2","GWAS::NEUROT 2018",2.41228070175439,0.0760548284865044,-0.576412178268721,8.90095659407138,0.380456379265859,-0.441384341898356,56,0.241379310344828,232,"NEUROT 2018","GWAS","Patterning centers"
"264","PC TCF7L2","GWAS::PD 2014",2.5219298245614,0.108768805805438,-0.387187869772353,9.89278752436647,0.524735479845747,-0.273757933072373,7,0.259259259259259,27,"PD 2014","GWAS","Patterning centers"
"265","PC TCF7L2","GWAS::SCZ 2020",2.35745614035088,0.0761373684528326,-0.609315445658224,7.44830827067669,0.29099879986492,-0.437857616916753,21,0.214285714285714,98,"SCZ 2020","GWAS","Patterning centers"
"266","PC TCF7L2","MAGMA::AD 2019",1.8640350877193,0.0556228905656013,-0.340169258638123,7.44682375874326,0.299232842097891,-0.228187795931325,31,0.202614379084967,153,"AD 2019","MAGMA","Patterning centers"
"267","PC TCF7L2","MAGMA::ADHD 2019",2.08333333333333,0.0690251733055218,-0.565036770406925,9.09742910735959,0.756409569064874,-0.41681259259314,30,0.188679245283019,159,"ADHD 2019","MAGMA","Patterning centers"
"268","PC TCF7L2","MAGMA::AN 2019",3.7828947368421,0.11616511958893,-0.696232019703846,8.95291693088142,0.351711328436231,-0.535459961237396,50,0.301204819277108,166,"AN 2019","MAGMA","Patterning centers"
"269","PC TCF7L2","MAGMA::ASD 2019",2.08333333333333,0.0642425991604337,-0.43044316899199,7.47779081461616,0.310095942063563,-0.294613161181324,35,0.222929936305732,157,"ASD 2019","MAGMA","Patterning centers"
"270","PC TCF7L2","MAGMA::BD 2019",2.85087719298246,0.0843077614831678,-0.521481476988597,9.39490445859873,0.422840065851229,-0.384977782931175,40,0.254777070063694,157,"BD 2019","MAGMA","Patterning centers"
"271","PC TCF7L2","MAGMA::IQ 2018",3.45394736842105,0.110596725085132,-0.660884060805328,10.1142075694855,0.495179723894781,-0.561029140016222,50,0.280898876404494,178,"IQ 2018","MAGMA","Patterning centers"
"272","PC TCF7L2","MAGMA::MDD 2018",2.74122807017544,0.0870872302573676,-0.583915975935584,9.50389218078308,0.667861087490389,-0.447285772659006,34,0.225165562913907,151,"MDD 2018","MAGMA","Patterning centers"
"273","PC TCF7L2","MAGMA::NEUROT 2018",2.4671052631579,0.0847031944648006,-0.620632448545921,7.9779644895371,0.314820920929265,-0.490641035912682,40,0.240963855421687,166,"NEUROT 2018","MAGMA","Patterning centers"
"274","PC TCF7L2","MAGMA::OCD 2018",2.63157894736842,0.081244676299618,-0.333333333333333,10.3663817186278,0.464974715163214,-0.048447848481563,40,0.254777070063694,157,"OCD 2018","MAGMA","Patterning centers"
"275","PC TCF7L2","MAGMA::PD 2014",3.28947368421053,0.102872489893511,-0.450999241474204,9.43331657168399,0.421123580784733,-0.226511384617523,44,0.280254777070064,157,"PD 2014","MAGMA","Patterning centers"
"276","PC TCF7L2","MAGMA::SCZ 2020",3.125,0.100889710358833,-0.336018600831471,12.0659722222222,0.584439734984847,-0.257946143756418,43,0.298611111111111,144,"SCZ 2020","MAGMA","Patterning centers"
"277","PC TCF7L2","MAGMA::TS 2019",4.60526315789474,0.149369216342178,-0.501283768143438,11.0235297362904,0.498056698279789,-0.387528825464063,51,0.320754716981132,159,"TS 2019","MAGMA","Patterning centers"
"278","PC TCF7L2","SFARI Score2",2.68640350877193,0.0839676058610298,-0.530993804653424,8.17520775623269,0.349072529021295,-0.353051455280404,38,0.2,190,"SFARI Score2","GWAS","Patterning centers"
"279","PC TCF7L2","SFARI Score3",1.75438596491228,0.054799238883929,-0.491284466743026,6.14392084863321,0.264704603263052,-0.329950268783534,74,0.172093023255814,430,"SFARI Score3","GWAS","Patterning centers"
"280","PC TCF7L2","SFARI Syndromic",4.66008771929824,0.153225388628481,-0.738541462193576,11.1029189352692,0.51516853561809,-0.38888309322922,35,0.301724137931034,116,"SFARI Syndromic","GWAS","Patterning centers"
"281","PC TTR","ASD HC65",7.26817042606516,0.174002365496675,-0.699172196876293,13.2309941520468,0.383190879554058,-0.391038591833051,25,0.416666666666667,60,"ASD HC65","GWAS","Patterning centers"
"282","PC TTR","DD",12.531328320802,0.29517618594112,-0.722642187218746,16.4801885666547,0.501555100855468,-0.365439819019036,46,0.547619047619048,84,"DD","GWAS","Patterning centers"
"283","PC TTR","DISGENET::Giant Cell Glioblastoma",5.38847117794486,0.132823071440854,-0.53647916901268,10.1091770522196,0.325028320116706,-0.0659103742315835,27,0.36986301369863,73,"Giant Cell Glioblastoma","DISGENET","Patterning centers"
"284","PC TTR","DISGENET::Glioblastoma",4.13533834586466,0.092912199487338,-0.544099747800105,9.66261808367071,0.319887428693697,-0.0887797398915772,22,0.338461538461538,65,"Glioblastoma","DISGENET","Patterning centers"
"285","PC TTR","DISGENET::Glioblastoma Multiforme",4.13533834586466,0.0928691202429987,-0.554922510884222,9.91525204764488,0.321974235757845,-0.0935517874705834,32,0.329896907216495,97,"Glioblastoma Multiforme","DISGENET","Patterning centers"
"286","PC TTR","DISGENET::Glioma",6.76691729323308,0.163200368283183,-0.555985396903073,15.5121136173768,1.12318339663782,-0.107408824815743,33,0.44,75,"Glioma","DISGENET","Patterning centers"
"287","PC TTR","DISGENET::M.Oligoastr+Oligodendrogliomas",5.88972431077694,0.140230762625118,-0.455191535100916,11.3307462203897,0.365744886881167,-0.129985829566353,11,0.354838709677419,31,"M.Oligoastr+Oligodendrogliomas","DISGENET","Patterning centers"
"288","PC TTR","DISGENET::Malignant Glioma",6.76691729323308,0.154633077513987,-0.333333333333333,16.7261373773417,1.3505226083375,0.10709041829309,26,0.440677966101695,59,"Malignant Glioma","DISGENET","Patterning centers"
"289","PC TTR","DISGENET::Medulloblastomas",6.64160401002506,0.1503394123859,-0.419469171354731,12.4672793093846,0.392140774165385,-0.271510517173736,17,0.377777777777778,45,"Medulloblastomas","DISGENET","Patterning centers"
"290","PC TTR","DISGENET::Neuroblastoma",2.38095238095238,0.0559151818080316,-0.483210551456491,12.8218272955115,1.09342963113276,0.0559842108830839,17,0.386363636363636,44,"Neuroblastoma","DISGENET","Patterning centers"
"291","PC TTR","GWAS::AD 2019",3.25814536340852,0.0810718370006282,-0.0721023376723487,8.49159936879235,0.274026979747756,0.0888652255246799,34,0.251851851851852,135,"AD 2019","GWAS","Patterning centers"
"292","PC TTR","GWAS::ADHD 2019",6.51629072681704,0.147904002408579,0.0329812106601356,10.1635668117663,0.268235330549664,-0.0150835585295745,8,0.421052631578947,19,"ADHD 2019","GWAS","Patterning centers"
"293","PC TTR","GWAS::AN 2019",9.89974937343358,0.233121464638907,0.0145449650918014,15.0591532594928,0.478155352006496,0.240359671661236,46,0.494623655913978,93,"AN 2019","GWAS","Patterning centers"
"294","PC TTR","GWAS::ASD 2019",7.83208020050125,0.17388271035982,-0.992885752380506,15.4260651629073,0.688090466847661,-0.708202609421679,9,0.45,20,"ASD 2019","GWAS","Patterning centers"
"295","PC TTR","GWAS::BD 2019",5.07518796992481,0.114439693907375,-0.262607365155593,12.2695627958786,0.465171057940213,-0.00030147508165151,59,0.327777777777778,180,"BD 2019","GWAS","Patterning centers"
"296","PC TTR","GWAS::IQ 2018",5.51378446115288,0.127013217265971,-0.333333333333333,12.4649647206038,0.577379641329681,-0.0456842839961637,244,0.352092352092352,693,"IQ 2018","GWAS","Patterning centers"
"297","PC TTR","GWAS::MDD 2018",5.6390977443609,0.12476003016426,-0.320368917957153,8.69423558897243,0.250539439901622,0.0690445058158755,18,0.36,50,"MDD 2018","GWAS","Patterning centers"
"298","PC TTR","GWAS::NEUROT 2018",4.76190476190476,0.108096659617713,-0.333333333333333,10.7429133177772,0.336530002340052,-0.0725052104795689,72,0.310344827586207,232,"NEUROT 2018","GWAS","Patterning centers"
"299","PC TTR","GWAS::PD 2014",3.50877192982456,0.123170898644472,-0.54379326561197,10.4706209969368,0.355345077270668,-0.325114309412413,8,0.296296296296296,27,"PD 2014","GWAS","Patterning centers"
"300","PC TTR","GWAS::SCZ 2020",5.95238095238095,0.151405535180559,-0.323501330668578,10.7194005421718,0.334673292817783,0.0803318387579945,33,0.336734693877551,98,"SCZ 2020","GWAS","Patterning centers"
"301","PC TTR","MAGMA::AD 2019",3.88471177944862,0.0818162059419923,-0.219807973748406,9.91285403050109,0.294622476358205,-0.0361452018307119,43,0.281045751633987,153,"AD 2019","MAGMA","Patterning centers"
"302","PC TTR","MAGMA::ADHD 2019",4.13533834586466,0.0927651726444266,-0.333018722130982,11.6840844248987,0.851828359381225,0.0410440929139683,46,0.289308176100629,159,"ADHD 2019","MAGMA","Patterning centers"
"303","PC TTR","MAGMA::AN 2019",6.51629072681704,0.15438561218275,-0.213917418643876,12.325995712172,0.371857620054858,0.0952075195829894,67,0.403614457831325,166,"AN 2019","MAGMA","Patterning centers"
"304","PC TTR","MAGMA::ASD 2019",3.63408521303258,0.0827136335724055,-0.327724447340536,9.36577111568731,0.286005200701851,-0.0382688816405736,44,0.280254777070064,157,"ASD 2019","MAGMA","Patterning centers"
"305","PC TTR","MAGMA::BD 2019",5.6390977443609,0.128208577407225,-0.551696611275621,11.2829845313922,0.406345045993744,-0.286329036330665,50,0.318471337579618,157,"BD 2019","MAGMA","Patterning centers"
"306","PC TTR","MAGMA::IQ 2018",6.07769423558897,0.145364440923853,-0.408043096436171,13.1114302610459,0.497300975935641,-0.0875109056159695,70,0.393258426966292,178,"IQ 2018","MAGMA","Patterning centers"
"307","PC TTR","MAGMA::MDD 2018",4.3859649122807,0.0978246873079378,-0.614970293350429,11.4914770369633,0.468243486562742,-0.338826558608863,51,0.337748344370861,151,"MDD 2018","MAGMA","Patterning centers"
"308","PC TTR","MAGMA::NEUROT 2018",5.07518796992481,0.119727619384811,-0.333018722130982,10.1488661412568,0.300771675422931,-0.0597269799933193,48,0.289156626506024,166,"NEUROT 2018","MAGMA","Patterning centers"
"309","PC TTR","MAGMA::OCD 2018",2.88220551378446,0.062849042717377,-0.492383543799025,11.280590010057,0.387237040708717,-0.165173569897479,47,0.299363057324841,157,"OCD 2018","MAGMA","Patterning centers"
"310","PC TTR","MAGMA::PD 2014",5.88972431077694,0.134331320847275,-0.426771635209767,10.5486646552687,0.318730440482558,-0.278183104385833,52,0.331210191082803,157,"PD 2014","MAGMA","Patterning centers"
"311","PC TTR","MAGMA::SCZ 2020",5.51378446115288,0.120006160363075,-0.643112820572404,14.5554859370649,0.529610392865288,-0.138278650113589,51,0.354166666666667,144,"SCZ 2020","MAGMA","Patterning centers"
"312","PC TTR","MAGMA::TS 2019",7.26817042606516,0.166150569280083,-0.628409408714429,12.9064800365694,0.408416870145178,-0.223654316134713,61,0.383647798742138,159,"TS 2019","MAGMA","Patterning centers"
"313","PC TTR","SFARI Score2",5.82706766917293,0.13335663111063,-0.402745041754156,10.4761904761905,0.307966325502938,0.0167620563677478,64,0.336842105263158,190,"SFARI Score2","GWAS","Patterning centers"
"314","PC TTR","SFARI Score3",3.19548872180451,0.0739326746981129,-0.373276023671782,7.99411318995162,0.23463514715124,0.0454195869267802,103,0.23953488372093,430,"SFARI Score3","GWAS","Patterning centers"
"315","PC TTR","SFARI Syndromic",7.89473684210526,0.179663927660697,-0.620927768327516,11.2414657332988,0.321431274979114,-0.369077407852097,45,0.387931034482759,116,"SFARI Syndromic","GWAS","Patterning centers"
